id,name,model_id:id,group_id:id,perm_read,perm_write,perm_create,perm_unlink
access_purchase_internal_requisition,purchase.internal.requisition,model_purchase_internal_requisition,base.group_user,1,1,1,1
access_purchase_department,access_purchase_department,model_purchase_department,base.group_user,1,1,1,0
access_purchase_division,access_purchase_division,model_purchase_division,base.group_user,1,1,1,0
access_purchase_internal_requisition_item,access_purchase_internal_requisition_item,model_purchase_internal_requisition_item,base.group_user,1,1,1,0
